source_coupling,source_field,source_temperature,target_coupling,target_field,target_temperature,fit_error
0.2,-0.4,0.6,0.2,-0.4,0.6,0.05352993239578704
0.2,-0.4,0.95,0.2,-0.4,0.95,0.02419938633231516
0.2,-0.4,1.2999999999999998,0.2,-0.4,0.95,0.012368856448101932
0.2,-0.4,1.65,0.2,-0.4,1.2999999999999998,0.006828521500166728
0.2,-0.4,2.0,0.2,-0.4,1.65,0.00461488966882437
0.2,-0.2,0.6,0.2,-0.4,0.95,0.015951634378201143
0.2,-0.2,0.95,0.2,-0.4,1.2999999999999998,0.006256808394239667
0.2,-0.2,1.2999999999999998,0.2,-0.4,2.0,0.0031473938687010703
0.2,-0.2,1.65,0.2,-0.2,1.2999999999999998,0.0025224800683180497
0.2,-0.2,2.0,0.2,-0.2,1.65,0.0018512238447088518
0.2,0.0,0.6,0.2,0.0,2.0,0.000586879009858398
0.2,0.0,0.95,0.2,0.0,2.0,0.000660278824353496
0.2,0.0,1.2999999999999998,0.2,0.0,2.0,0.0006840640896210909
0.2,0.0,1.65,0.2,0.0,2.0,0.0006946966131290713
0.2,0.0,2.0,0.2,0.0,2.0,0.0007003758386015219
0.2,0.20000000000000007,0.6,0.2,0.4,0.95,0.01370093758291809
0.2,0.20000000000000007,0.95,0.2,0.4,1.65,0.005079429999930842
0.2,0.20000000000000007,1.2999999999999998,0.2,0.4,2.0,0.0024224330641668345
0.2,0.20000000000000007,1.65,0.2,0.20000000000000007,1.2999999999999998,0.0019856025043561774
0.2,0.20000000000000007,2.0,0.2,0.20000000000000007,1.65,0.0013706683013683964
0.2,0.4,0.6,0.2,0.4,0.6,0.048883940646938955
0.2,0.4,0.95,0.2,0.4,0.95,0.021168256001205983
0.2,0.4,1.2999999999999998,0.2,0.20000000000000007,0.6,0.010519210419800754
0.2,0.4,1.65,0.2,0.4,1.2999999999999998,0.005750770593061064
0.2,0.4,2.0,0.2,0.4,1.65,0.003657491132241402
0.45,-0.4,0.6,0.45,-0.4,0.6,0.09107753631762189
0.45,-0.4,0.95,0.2,-0.4,0.6,0.02285814111364011
0.45,-0.4,1.2999999999999998,0.2,-0.4,0.95,0.01279342935887517
0.45,-0.4,1.65,0.2,-0.4,1.2999999999999998,0.00807189496705715
0.45,-0.4,2.0,0.2,-0.4,1.65,0.0056310226687553856
0.45,-0.2,0.6,0.2,-0.4,0.6,0.02477901720051985
0.45,-0.2,0.95,0.2,-0.4,0.95,0.007808091183687582
0.45,-0.2,1.2999999999999998,0.2,-0.4,1.65,0.0035536491802981426
0.45,-0.2,1.65,0.2,-0.4,2.0,0.002671267182944901
0.45,-0.2,2.0,0.2,-0.2,1.65,0.0021226354592842906
0.45,0.0,0.6,0.2,0.0,2.0,0.00014174743234727363
0.45,0.0,0.95,0.2,0.0,2.0,0.0004689686119521933
0.45,0.0,1.2999999999999998,0.2,0.0,2.0,0.0005775773259026931
0.45,0.0,1.65,0.2,0.0,2.0,0.0006267204360697314
0.45,0.0,2.0,0.2,0.0,2.0,0.0006531526964453783
0.45,0.20000000000000007,0.6,0.2,0.4,0.6,0.02252392614416652
0.45,0.20000000000000007,0.95,0.2,0.4,0.95,0.007069719973791814
0.45,0.20000000000000007,1.2999999999999998,0.2,0.4,1.65,0.002786135317571865
0.45,0.20000000000000007,1.65,0.2,0.20000000000000007,1.2999999999999998,0.0020771187849770926
0.45,0.20000000000000007,2.0,0.2,0.20000000000000007,1.65,0.0014922270017183302
0.45,0.4,0.6,0.45,0.4,0.6,0.08433541085472566
0.45,0.4,0.95,0.2,0.4,0.6,0.020479255596633644
0.45,0.4,1.2999999999999998,0.2,0.4,0.95,0.010894174926365848
0.45,0.4,1.65,0.2,0.4,1.2999999999999998,0.0065634905755675025
0.45,0.4,2.0,0.2,0.4,1.65,0.004396169520540788
0.7,-0.4,0.6,0.7,-0.4,0.6,0.1208715821456584
0.7,-0.4,0.95,0.45,-0.4,0.6,0.0412942667562029
0.7,-0.4,1.2999999999999998,0.2,-0.4,0.6,0.017749987311427216
0.7,-0.4,1.65,0.2,-0.4,0.95,0.008664167965816214
0.7,-0.4,2.0,0.2,-0.4,1.2999999999999998,0.005625365545826266
0.7,-0.2,0.6,0.45,-0.4,0.6,0.05463027537681288
0.7,-0.2,0.95,0.2,-0.4,0.6,0.010733462474130161
0.7,-0.2,1.2999999999999998,0.2,-0.4,1.2999999999999998,0.004062677476909115
0.7,-0.2,1.65,0.2,-0.4,2.0,0.0028040720112654564
0.7,-0.2,2.0,0.2,-0.2,1.2999999999999998,0.002085594356610063
0.7,0.0,0.6,0.7,0.0,0.6,7.960451283378343e-05
0.7,0.0,0.95,0.2,0.0,2.0,0.0001590628165769582
0.7,0.0,1.2999999999999998,0.2,0.0,2.0,0.000402783793035637
0.7,0.0,1.65,0.2,0.0,2.0,0.0005145103325631836
0.7,0.0,2.0,0.2,0.0,2.0,0.0005747282756257783
0.7,0.20000000000000007,0.6,0.7,0.4,0.6,0.05091434434548498
0.7,0.20000000000000007,0.95,0.2,0.4,0.6,0.010476906798669297
0.7,0.20000000000000007,1.2999999999999998,0.2,0.4,1.2999999999999998,0.0032752412211757625
0.7,0.20000000000000007,1.65,0.2,0.4,2.0,0.00210692961567928
0.7,0.20000000000000007,2.0,0.2,0.20000000000000007,1.2999999999999998,0.001552160264781528
0.7,0.4,0.6,0.7,0.4,0.6,0.11226871107015296
0.7,0.4,0.95,0.45,0.4,0.6,0.03749163525832405
0.7,0.4,1.2999999999999998,0.2,0.4,0.6,0.016772343207902114
0.7,0.4,1.65,0.2,0.4,0.95,0.007546748198472167
0.7,0.4,2.0,0.2,0.4,1.2999999999999998,0.004583420921374366
0.95,-0.4,0.6,0.7,-0.4,0.6,0.12514690748381763
0.95,-0.4,0.95,0.45,-0.4,0.6,0.06397219366046662
0.95,-0.4,1.2999999999999998,0.2,-0.4,0.6,0.017979015743545802
0.95,-0.4,1.65,0.2,-0.4,0.95,0.013543633030926613
0.95,-0.4,2.0,0.2,-0.2,0.6,0.00808910791912354
0.95,-0.2,0.6,0.7,-0.4,0.6,0.04137760740654732
0.95,-0.2,0.95,0.45,-0.4,0.6,0.01333011283786686
0.95,-0.2,1.2999999999999998,0.2,-0.4,0.95,0.0043184404958602944
0.95,-0.2,1.65,0.2,-0.4,1.2999999999999998,0.003018096948029995
0.95,-0.2,2.0,0.2,-0.4,2.0,0.0018251140926577591
0.95,0.0,0.6,1.2,0.0,0.6,0.0016341015250344298
0.95,0.0,0.95,1.2,0.0,1.65,0.00013600307226092304
0.95,0.0,1.2999999999999998,0.2,0.0,2.0,0.00016708179352103916
0.95,0.0,1.65,0.2,0.0,2.0,0.0003613594257606257
0.95,0.0,2.0,0.2,0.0,2.0,0.00046769764578040316
0.95,0.20000000000000007,0.6,0.7,0.4,0.6,0.040079644110803725
0.95,0.20000000000000007,0.95,0.45,0.4,0.6,0.012321622760787809
0.95,0.20000000000000007,1.2999999999999998,0.2,0.4,0.95,0.0036599769859824126
0.95,0.20000000000000007,1.65,0.2,0.4,1.2999999999999998,0.002756220471538525
0.95,0.20000000000000007,2.0,0.2,0.4,2.0,0.0014126865404982746
0.95,0.4,0.6,0.7,0.4,0.6,0.1171096304836967
0.95,0.4,0.95,0.45,0.4,0.6,0.05938449380002178
0.95,0.4,1.2999999999999998,0.2,0.4,0.6,0.016165372227571993
0.95,0.4,1.65,0.2,0.4,0.95,0.011808755235916337
0.95,0.4,2.0,0.2,0.20000000000000007,0.6,0.006917272029125104
1.2,-0.4,0.6,0.7,-0.4,0.6,0.09915000087147663
1.2,-0.4,0.95,0.7,-0.4,0.6,0.0803879093755421
1.2,-0.4,1.2999999999999998,0.45,-0.4,0.6,0.030654370492213374
1.2,-0.4,1.65,0.2,-0.4,0.6,0.010395510110586918
1.2,-0.4,2.0,0.2,-0.4,0.95,0.006920433046914857
1.2,-0.2,0.6,1.2,-0.2,0.6,0.0466561963325135
1.2,-0.2,0.95,0.7,-0.4,0.6,0.018438315549855762
1.2,-0.2,1.2999999999999998,0.2,-0.4,0.6,0.0024746854757566527
1.2,-0.2,1.65,0.2,-0.2,0.6,0.003196541003664321
1.2,-0.2,2.0,0.2,-0.4,1.65,0.0017109220171634832
1.2,0.0,0.6,1.2,0.0,0.6,0.005056923030219659
1.2,0.0,0.95,1.2,0.0,0.95,0.0008127994696103044
1.2,0.0,1.2999999999999998,0.45,0.0,2.0,2.8481475195154558e-05
1.2,0.0,1.65,0.2,0.0,2.0,0.0001717017981044446
1.2,0.0,2.0,0.2,0.0,2.0,0.00033316671163972173
1.2,0.20000000000000007,0.6,1.2,0.20000000000000007,0.6,0.04639047819613343
1.2,0.20000000000000007,0.95,0.7,0.4,0.6,0.0176316128206084
1.2,0.20000000000000007,1.2999999999999998,0.2,0.4,0.6,0.0024056027725041992
1.2,0.20000000000000007,1.65,0.2,0.20000000000000007,0.6,0.0027237167382292153
1.2,0.20000000000000007,2.0,0.2,0.4,1.65,0.001333384299791307
1.2,0.4,0.6,0.7,0.4,0.6,0.09334490820455268
1.2,0.4,0.95,0.7,0.4,0.6,0.07472465956524206
1.2,0.4,1.2999999999999998,0.45,0.4,0.6,0.027986977193274
1.2,0.4,1.65,0.2,0.4,0.6,0.009635109251592246
1.2,0.4,2.0,0.2,0.4,0.95,0.005868572958751651
